Country Name;Country Code;1990;1991;1992;1993;1994;1995;1996;1997;1998;1999;2000;2001;2002;2003;2004;2005
Antarctica;_ARC;;;;;;;;;;;;;;;;
United Kingdom;_UK;19095,467;19900,72665;20487,17079;18389,01957;19709,2381;23123,17779;24332,69777;26734,56261;28214,27436;28669,53969;28149,87001;27744,50646;30056,58622;34419,14791;40290,31397;42030,28661
Afghanistan;AFG;;;;;;;;;;;;;179,4264945;190,6840088;211,3819695;242,0313792
Albania;ALB;617,2304355;336,5869945;200,8522198;367,2792251;586,4163396;750,6044492;1009,977668;717,3805674;813,7902636;1033,241693;1126,683318;1281,659393;1425,124849;1846,118813;2373,579844;2673,787283
Algeria;ALG;2408,688815;1731,611274;1776,036674;1807,328548;1507,865318;1452,269445;1603,937921;1619,806224;1596,003714;1588,298453;1764,888222;1740,560069;1781,758571;2103,453105;2609,945608;3113,101094
Andorra;AND;18878,50597;19532,54015;20547,71179;16516,47103;16234,80901;18461,06486;19017,17459;18353,05972;18894,5215;19261,7105;21936,5301;22228,84649;24741,49357;32776,44227;38503,47961;41282,02012
Angola;ANG;947,7041821;865,6927296;656,361756;441,2006733;328,6732947;397,1794508;522,6438073;514,2952232;423,5936602;387,784316;556,8363181;527,3335285;872,4944916;982,9608993;1255,564045;1902,422346
Anguilla;ANL;;;;;;;;;;;;;;;;
Antigua and Barbuda;ANT;7348,212943;7601,848491;7744,274917;8136,16884;8770,751631;8406,592992;9030,975299;9492,038256;9940,191639;10260,58502;10920,84269;10370,67113;10404,43621;10789,95096;11446,63847;12547,61304
Argentina;ARG;4333,482973;5735,360327;6823,537616;6969,118088;7483,139682;7408,708238;7721,354543;8213,1272;8289,505729;7774,736203;7708,100996;7208,371567;2593,40415;3349,806124;4277,721351;5109,851325
Armenia;ARM;637,8546595;590,1210473;369,6326166;357,2032777;400,5152381;456,3750487;504,0585594;523,283068;609,1724375;597,4325147;622,7421391;694,4232277;783,2406986;930,1273219;1191,91902;1643,753029
Aruba;ARU;12307,31174;13496,00339;14046,504;14936,82704;16241,04632;16439,35636;16586,06844;17927,74964;19078,34319;19356,20339;20620,70063;20669,03197;20436,88713;20833,76161;22569,97499;23300,03956
Australia;AUL;18211,27459;18821,47739;18569,81275;17634,25635;18046,02024;20319,63063;21861,32551;23468,59683;21318,96417;20533,03506;21679,24784;19490,86111;20082,48327;23447,031;30430,67644;33999,24286
Austria;AUS;21680,98969;22410,91174;24880,16407;24081,52781;25646,70066;30325,84958;29809,07677;26705,4786;27361,87511;27174,29716;24564,45829;24537,51426;26401,74546;32222,89724;36821,52147;38403,13388
Azerbaijan;AZE;1237,324492;1209,237493;676,1515115;529,8136618;436,216869;397,1981161;409,2107552;505,5637747;561,9070354;573,8932966;655,0974326;703,6838434;763,080638;883,6439965;1045,009379;1578,40239
Bahrain;BAH;8528,983334;9055,679936;9082,758533;9698,189063;10130,50523;10376,9717;10544,70357;10672,16601;10076,22062;10401,54581;13636,39623;12868,26916;13049,80322;14222,0368;15846,54414;17959,25544
Barbados;BAR;7754,078594;7663,503291;7421,087468;7754,417002;8121,374224;8505,084959;9031,574423;9505,667594;10672,39175;11137,25495;11496,6024;11437,24771;11592,20993;11937,67338;12766,27047;14104,14623
Burundi;BDI;208,1467554;209,7778979;190,489014;161,8875529;156,8123012;167,0989158;143,4023001;158,9146699;144,493064;128,9390833;136,4639708;134,3634475;123,117628;113,5673664;128,3366128;151,6814634
Belgium;BEL;20600,37525;21041,66064;23372,61913;22283,93601;24208,55484;28413,82644;27489,55518;24820,93805;25338,44329;25244,27505;23041,53473;22995,15752;24887,56133;30587,66841;35364,37533;36795,97688
Benin;BEN;393,6862144;385,753616;317,9628553;411,9260305;279,6665043;367,387341;387,4329246;361,1002698;379,442354;403,6237038;374,1923942;378,736054;418,6985763;519,2922847;583,4093514;601,799977
Bermuda;BER;26841,51974;27700,30952;28669,68226;30900,69489;31476,06312;33989,72236;44826,78907;48478,88325;51371,74081;54245,45974;56284,16865;58883,95943;62583,1002;66111,72523;70359,31911;75882,03386
Burkina Faso;BFO;351,9793229;346,4106724;240,963481;244,1270735;193,0702363;235,8321973;249,3602944;229,4931177;255,7182334;265,3401156;226,4759814;235,4912324;260,7635413;332,3443051;371,3230865;406,9988071
Bahamas, The;BHM;12356,4239;11919,7879;11686,69581;11406,68981;11814,5632;12238,3862;12708,73096;22036,48411;23514,42031;26130,10182;27097,61081;27486,23677;28866,80101;28327,27087;28395,92466;30278,36692
Bhutan;BHU;564,7796095;467,6971074;469,1989755;441,6848237;509,1240695;566,8576986;584,3791581;663,3288566;667,9136238;725,1247411;718,1878292;764,4366087;845,5102794;962,0969045;1068,421777;1228,441823
Belarus;BLR;2124,840514;1765,744556;1667,681777;1590,095882;1460,059076;1370,676559;1452,445488;1396,501786;1511,770053;1210,61172;1276,288034;1244,373185;1479,314583;1819,766059;2378,623286;3125,810535
Belize;BLZ;2197,185023;2326,821554;2666,8816;2832,975327;2880,125446;2996,382928;3001,83372;2952,948596;2992,444754;3065,979673;3364,423711;3418,216676;3554,230347;3675,880301;3825,78733;3926,013742
Bangladesh;BNG;306,2687038;293,1604155;293,6449985;300,5557532;299,5330397;329,4240846;394,7174751;401,4986908;407,4291862;409,5431969;418,0689683;415,0344266;413,0802546;446,3106592;475,2919198;499,4619402
Bolivia;BOL;709,0596725;762,0780331;788,1519898;784,1917393;801,0460297;880,992224;950,8565084;998,5153242;1049,499374;1003,392231;997,5824599;948,8712066;904,2266273;907,5371101;967,406992;1034,31124
Bosnia and Herzegovina;BOS;;;;;319,0130351;487,4767772;740,0985068;982,8018491;1102,390983;1251,747261;1467,776477;1530,814816;1769,199828;2224,745864;2814,999895;2980,602109
Botswana;BOT;2945,83204;2972,726711;3040,960404;2973,380401;2970,122568;3219,912051;3221,67621;3258,980312;3039,970731;3405,812598;3522,308678;3278,00825;3190,615453;4330,9449;5073,53765;5520,12472
Brazil;BRA;3100,280468;3975,390089;2596,919876;2791,209124;3500,61149;4748,215529;5166,163745;5282,008828;5087,152221;3478,37273;3749,75325;3156,798718;2829,283192;3070,910491;3637,462389;4790,437088
Brunei Darussalam;BRU;13607,5221;13905,06387;15274,44463;14575,72982;14120,85499;15933,34557;16793,28097;16660,36125;12693,79098;14101,34576;18012,55626;16472,14862;16850,15113;18560,60857;21902,08805;26105,27903
Bulgaria;BUL;2366,529821;1267,734375;1211,980878;1278,247173;1148,494399;2244,516909;1457,035619;1348,827568;1809,683845;1648,104859;1609,882452;1757,44378;2076,830682;2698,624248;3363,799644;3869,529455
Cambodia;CAM;;;;254,1164819;270,5429925;322,9317876;319,2863717;304,764607;268,9904186;295,9033277;302,5771636;321,1503013;338,9872627;362,3357077;408,5138263;474,1112278
Canada;CAN;21448,36196;21768,34329;20879,84833;20121,16125;19935,38146;20613,78788;21227,34753;21829,23344;20952,06946;22238,66454;24190,24962;23738,18072;24169,28473;28200,65808;32034,30774;36266,18712
Cameroon;CAO;946,6464131;1024,424135;911,7414218;1204,762973;801,1617038;709,1148297;752,5250994;755,2397068;720,7969746;740,9965643;649,9918454;651,1009075;707,8875674;865,9581375;1009,94312;1011,880073
Cabo Verde;CAP;908,0961896;923,7416128;1003,946473;1339,744217;1080,162304;1261,116157;1269,120577;1213,599841;1265,194783;1408,999608;1259,323656;1292,202785;1401,903733;1809,089925;2024,275248;2099,157484
Cayman Islands;CAY;;;;;;;;;;;;;;;;47014,32449
Central African Republic;CEN;513,305285;478,5029439;477,1223243;419,802566;271,5056708;346,1088406;304,6312597;276,4212702;278,3313409;280,908819;251,2068774;250,3570114;260,7455273;293,6618517;320,7374603;331,1629242
Chad;CHA;291,5532595;304,8747696;296,0393706;222,9232851;173,9903751;206,2610645;221,6730095;205,8627232;224,553884;190,5589772;165,7629866;196,9736976;220,3759764;291,9448516;453,5218172;658,3049578
Chile;CHL;2494,525669;2803,56209;3350,213845;3535,1736;4024,216932;5107,276802;5349,804127;5745,373795;5446,580613;4957,777884;5074,901624;4574,594421;4446,250505;4772,56282;6194,853107;7598,525121
China;CHN;317,884673;333,1421454;366,4606923;377,3898395;473,4922787;609,6566792;709,4137551;781,7441643;828,5804793;873,2870617;959,3724836;1053,108243;1148,50829;1288,643252;1508,668098;1753,417829
Cocos Islands;COI;;;;;;;;;;;;;;;;
Colombia;COL;1445,328368;1456,693969;1697,112887;1893,54205;2284,838749;2539,912877;2620,538762;2827,379752;2566,02406;2209,93148;2520,480898;2439,681789;2396,627303;2281,401927;2782,623053;3404,19019
Comoros;COM;1043,800803;1000,558651;1047,979551;1008,029494;690,4717309;838,171684;810,5442344;726,0552078;718,1170893;723,1850928;645,8186908;680,3185414;744,4751724;935,611518;1059,176884;1068,600321
Congo, Rep.;CON;1187,551284;1124,901114;1178,023799;749,6348578;672,1631948;781,5235685;912,0139881;810,077492;660,4723724;774,7116899;1029,577037;868,3399509;912,2781532;1026,107674;1324,219142;1680,204588
Costa Rica;COS;1831,001912;2238,853644;2595,022522;2828,130172;3016,224348;3247,316987;3198,548672;3375,166341;3579,865884;3653,552719;3772,870012;3944,737613;4024,6519;4129,632791;4385,390719;4654,824822
Croatia;CRO;;;;;;4852,230502;5202,93497;5260,247833;5619,217711;5185,590669;4849,528816;5391,099956;6233,062541;8060,267559;9662,783667;10530,21601
Cuba;CUB;2703,168039;2278,20868;2057,103404;2073,094865;2624,756793;2794,737268;2286,927382;2308,146195;2331,465648;2558,904794;2747,098575;2837,738018;2999,245244;3197,133754;3395,71205;3786,664795
Curacao;CUR;;;;;;;;;;;;;;;;
Cyprus;CYP;9641,575273;9696,099593;11310,07192;10526,14177;11617,69278;15261,42646;15139,22803;14234,24948;15092,82959;15287,91756;14388,3467;14821,44552;16093,21868;20252,24214;23792,61793;24959,26591
Czech Republic;CZR;3917,15984;2878,719283;3352,034161;3931,744463;4601,952312;5788,150737;6493,863346;5996,83381;6458,904501;6307,698004;6011,61522;6609,20553;8032,896612;9773,117503;11685,88724;13346,17639
Denmark;DEN;26891,44645;27011,37746;29569,66036;27597,97523;29995,57962;35351,36546;35650,71409;32835,93994;33368,14242;33440,79481;30743,54768;30751,65435;33228,69354;40458,7774;46511,59833;48799,8256
Dominica;DMI;2860,43156;3122,789982;3317,90456;3466,386082;3721,347165;3861,179613;4120,418405;4291,692307;4593,714495;4750,612157;4787,780171;4883,723663;4771,040927;4897,44175;5217,230416;5160,224314
Dominican Republic;DOM;991,6144241;1338,896045;1532,903224;1733,400455;1908,484754;2122,797666;2293,755247;2476,11344;2638,34948;2653,344012;2869,105861;2977,148428;3136,155187;2445,435893;2528,577199;3970,32284
Vietnam;DRV;95,18825018;138,4474544;139,2001366;182,3084018;221,1291812;276,8126665;324,1472069;348,0173981;348,3243262;362,9195028;390,0933261;404,8078662;430,0528671;480,5797992;546,9096058;687,4797356
Algeria;DZA;2408,688815;1731,611274;1776,036674;1807,328548;1507,865318;1452,269445;1603,937921;1619,806224;1596,003714;1588,298453;1764,888222;1740,560069;1781,758571;2103,453105;2609,945608;3113,101094
Ecuador;ECU;1489,529509;1622,208243;1688,505067;1727,754058;2026,112715;2132,906969;2155,517229;2356,370843;2293,889735;1578,933536;1445,279324;1894,615169;2172,101877;2425,851842;2691,278081;3002,136867
Egypt, Arab Rep.;EGY;765,6420464;651,0775817;713,4525239;777,8577091;849,4524991;965,11073;1063,333095;1208,719901;1281,39672;1343,551963;1450,476242;1391,707846;1228,937975;1138,664673;1063,003663;1187,51969
Equatorial Guinea;EQG;267,4680729;256,2210082;301,1791291;294,0705049;210,4099825;285,5525482;450,63814;824,5495461;663,729505;1067,634779;1725,554738;2313,151289;2744,208156;3618,576094;6152,131238;10963,28936
Eritrea;ERI;;;211,3317226;208,9999467;239,668735;262,2311296;315,7511137;312,726247;337,8876643;307,9108725;308,1337836;316,82382;293,9557909;334,5854429;407,7699765;388,5951226
Estonia;EST;;;;2681,820122;2814,834734;3130,807094;3376,794373;3678,158264;4087,503306;4144,630817;4075,970639;4509,17846;5344,877798;7206,16648;8912,992195;10406,39688
Ethiopia;ETH;254,2432569;271,3944118;204,0502053;165,693197;125,5495699;134,3429555;145,1669037;141,5086199;125,0761411;119,684067;124,4608003;120,765782;111,9272235;119,490391;136,4662556;162,4327265
Faroe Islands;FAI;;;;;;;;;24034,24681;24125,25588;22653,31605;24419,74244;26732,79047;31497,96692;35467,17547;36205,37054
Falkland Islands;FAL;;;;;;;;;;;;;;;;
French Guiana;FGU;;;;;;;;;;;;;;;;
Finland;FIN;28364,64508;25484,73929;22319,05946;17608,81239;20301,33309;26271,59981;25783,45049;24691,87281;26009,26949;26177,34798;24285,46682;24946,18919;26869,6749;32855,13263;37702,84538;39040,28888
Fiji;FJI;1835,128096;1881,754118;2057,578033;2166,233478;2384,095744;2540,99071;2714,564932;2641,477866;2070,574624;2408,735921;2076,568784;2039,625697;2260,258398;2837,892246;3334,931667;3659,579329
Micronesia, Fed. Sts.;FMS;1528,540721;1682,697175;1756,600815;1909,252755;1909,836839;2060,610143;2017,472911;1904,741;2022,707114;2042,479397;2171,950238;2248,429632;2265,88098;2295,889629;2253,092807;2358,27984
French Polynesia;FPO;15913,59048;16038,04919;17169,12403;17539,71383;16444,07868;18261,82686;17788,14905;15723,21331;16302,46058;16073,99879;14323,82082;;;;;
Germany;FRG;22303,96133;23357,75773;26438,23039;25522,62957;27076,60675;31658,34938;30485,86655;26964,04947;27289,05936;26725,91522;23635,92922;23607,88286;25077,72908;30243,57653;34044,05363;34507,36881
France;FRN;21793,84265;21675,06425;23813,71184;22380,10396;23496,52332;26890,21988;26871,82902;24228,94235;24974,2722;24673,19897;22364,02939;22433,55571;24177,33517;29568,38595;33741,26515;34760,18777
Gabon;GAB;6268,95102;5537,009721;5578,005173;4252,028186;3963,868049;4570,592367;5116,146059;4667,168585;3831,780668;3888,898927;4125,716664;3989,556606;4121,958645;4922,376526;5729,296958;6888,627147
Gambia, The;GAM;331,8184348;695,4095874;695,1560481;711,7255101;682,2185213;696,4508185;728,6690719;669,3988656;678,6756302;637,9315702;594,151643;505,4201497;411,7724804;335,906217;642,7549298;665,7219407
Ghana;GHA;398,6370001;433,7730651;409,7466254;370,4192479;328,7445864;379,9880073;397,1359369;384,7961564;407,5233036;410,3342297;258,4709595;269,0149984;304,5645608;367,8215216;417,5081649;491,9463779
Gibraltar;GIB;;;;;;;;;;;;;;;;
Guinea-Bissau;GNB;250,1504679;257,7891756;221,7998175;227,0228102;220,9602169;233,2424019;243,4387342;237,1290304;178,8485197;190,6726301;308,1441193;319,6774918;331,4938718;371,2198274;404,3491366;436,3020197
Greenland;GNL;18326,80512;18315,1963;18768,93014;16797,45886;18123,96303;21665,7019;21422,35754;19145,49604;20496,66137;20170,43842;19004,10729;19275,47334;20652,87833;27459,76278;32023,45221;32489,78191
Greece;GRC;9600,18513;10188,36978;11176,45844;10401,98299;11091,28386;12959,32432;13749,11515;13427,83249;13472,13764;13245,18946;12042,95373;12538,17883;14110,31339;18477,57841;21955,10409;22551,73574
Georgia;GRG;1614,640122;1314,67067;757,2235485;550,0155426;519,8161871;578,3367633;689,0344137;807,0322858;851,5157446;673,5378927;749,9085236;801,9904139;853,5164537;1010,00798;1305,047486;1642,760938
Grenada;GRN;2886,908295;3117,954477;3192,100493;3153,946709;3272,3228;3411,898916;3632,750611;3861,397822;4370,703998;4705,652241;5057,173965;5040,670468;5213,896269;5682,5961;5741,598633;6644,02496
Guatemala;GUA;825,8073881;991,8622727;1075,428217;1147,026435;1276,332727;1408,024203;1472,275343;1633,966225;1742,083824;1608,684086;1655,58773;1568,376286;1701,749729;1753,327408;1872,737067;2077,834371
Guernsey;GUE;;;;;;;;;;;;;;;;
Guinea;GUI;419,7886298;461,3494585;489,071872;475,4218352;477,7804689;508,1078294;518,3742332;493,8334004;456,4910353;429,719768;363,482479;336,6300919;343,5373419;393,7399293;410,7612161;322,4156816
Guam;GUM;;;;;;;;;;;;;21536,36688;22572,0753;24395,79762;26495,87758
Guyana;GUY;533,5362054;468,1601974;499,0277096;602,1414776;712,7128542;816,5429329;927,1958956;988,3478364;951,9124771;926,7428086;954,4041525;955,6653806;974,9491933;997,2100346;1056,423886;1105,496454
Haiti;HAI;439,944063;483,873905;308,3713132;251,752719;285,1187788;363,2658259;368,6322377;415,7704833;455,5418961;499,3037489;467,1475588;417,762646;396,6338208;332,6147785;391,0346157;468,7572696
Honduras;HON;993,4830527;911,7555181;942,612765;913,3023086;836,6037387;936,6669981;887,6933678;948,955555;1023,460569;1002,715198;1080,462129;1120,552212;1122,063942;1145,497561;1204,476619;1296,695959
Hungary;HUN;;3350,258323;3735,10582;3873,987723;4173,373024;4494,707624;4525,039103;4596,182622;4744,212264;4793,478522;4624,281657;5276,033189;6655,333009;8421,103313;10285,79363;11200,57695
Iceland;ICE;25423,07201;26843,2781;27165,04602;23615,239;24054,73467;26673,62532;27659,87612;27960,92221;30995,02875;32343,99294;32018,06325;28793,9599;32326,63774;39423,92732;47367,28186;56658,58959
India;IND;367,5566093;303,0556053;316,9539279;301,1590042;346,1029503;373,76648;399,9500768;415,493797;413,2989342;441,9987596;443,3141934;451,5730011;470,9867859;546,7266145;627,7742473;714,8610135
Indonesia;INS;585,07655;631,7828373;681,9383856;827,9053053;912,2032751;1026,39342;1137,410118;1063,712365;463,9481695;671,0986161;780,190201;748,2576157;900,1775757;1065,648539;1150,261315;1263,287321
Isle of Man;IOM;;;;;;12681,46956;14038,35065;15990,78835;18447,99714;20624,27674;20322,94615;21352,21605;24864,43629;29520,0323;35492,43553;37761,03605
Ireland;IRE;14048,1062;14104,07829;15733,20398;14674,61457;15921,97484;19181,40045;20860,59699;22542,81077;24263,2448;26284,34198;26241,36461;28227,72753;32541,0986;41106,92527;47631,01066;50878,22361
Iran, Islamic Rep.;IRN;2214,327492;;;1067,307533;1185,686304;1569,255294;1932,804985;1804,336677;1723,835367;1756,896667;1670,00947;1909,412278;1911,678792;2253,936132;2756,198742;3246,051029
Iraq;IRQ;10326,92166;;;;;;;;;;;;;;1391,963489;1855,522004
Israel;ISR;12663,36453;13650,84212;14758,34711;14443,24397;15992,3435;18103,66252;19324,63936;19652,60744;19415,98507;19120,25065;21043,57493;20306,93224;18435,89476;18979,32345;19896,81774;20566,64549
Italy;ITA;20825,78421;21956,52976;23243,47454;18738,7639;19337,63091;20664,55227;23081,60468;21829,34582;22318,1373;21997,62432;20087,59199;20483,21599;22270,14412;27465,6753;31259,7165;32043,14037
Cote d'Ivoire;IVO;905,3217159;848,75291;870,4811773;832,2827452;605,2635873;774,6712121;827,7620057;774,7276313;809,0126883;771,968406;651,3059068;664,1276663;716,5302656;869,7125993;921,2012673;930,8298181
Jamaica;JAM;1897,686963;1668,98801;1434,710462;2175,456373;2159,841372;2580,736386;2879,658193;3241,234407;3359,005841;3362,200664;3384,694861;3431,416469;3599,973172;3469,151565;3725,109093;4089,198442
Jordan;JOR;1166,610276;1155,233314;1355,237043;1353,257159;1434,445698;1486,646886;1484,136866;1515,419597;1622,855464;1642,351331;1674,825261;1744,463602;1827,335753;1902,589902;2073,641321;2214,017817
Japan;JPN;25359,34702;28925,04158;31464,54905;35765,91409;39268,56687;43440,36787;38436,92631;35021,71909;31902,7671;36026,55608;38532,04088;33846,46564;32289,35054;34808,39092;37688,72234;37217,64873
Kenya;KEN;361,3281889;332,4189598;324,1374038;220,0697268;265,2322565;325,7789408;421,3392708;445,8772703;465,909801;414,6793898;397,4826588;395,3295318;389,542711;429,7878437;451,6687159;511,6164222
Kiribati;KIR;549,8555066;644,7808349;638,4981856;619,6791252;715,1764427;724,8565826;843,0018731;842,2497361;801,1040397;831,9946255;796,8881748;735,0262947;826,9452801;1015,724172;1131,140005;1214,556667
Kuwait;KUW;8794,631229;5419,590831;;;;16932,1483;19358,38244;17748,8598;14166,1796;15435,17859;18440,37852;16587,17767;17846,32606;22148,37815;27011,72765;35591,00578
Kyrgyz Republic;KYR;609,1728912;575,6439745;513,0359437;449,0657902;372,30781;364,2264974;394,8601215;376,4296133;345,1381316;258,0492288;279,6195693;308,4096116;321,7270332;380,5064324;433,2349766;476,55213
Kazakhstan;KZK;1647,463231;1512,485066;1515,104059;1433,461534;1320,321622;1288,239052;1350,333866;1445,569414;1468,701798;1130,113592;1229,000958;1490,92709;1658,030785;2068,124118;2874,288291;3771,278957
Lao PDR;LAO;203,2559698;234,7642311;250,6042183;287,3949673;325,9410612;363,8796019;378,4281472;345,9213648;248,8390431;277,8098415;325,1869982;326,9419076;320,0615179;362,8214135;417,9285042;475,6107135
Latvia;LAT;;;;;;2322,08701;2422,250575;2675,244828;2965,073007;3144,991127;3351,230706;3566,171119;4125,210034;5127,593575;6343,143526;7552,873894
Liberia;LBR;;;;;;;;;;;306,8328947;306,7103554;306,473737;243,0893405;286,0649989;294,8930368
Lebanon;LEB;1012,643881;1605,368607;1899,651628;2446,529954;2820,487845;3321,296325;3791,605517;4305,642946;4669,577803;4640,379461;4491,637259;4422,387076;4579,459593;4576,390746;4627,657988;4573,536073
Lesotho;LES;350,0608392;404,1970899;466,2744404;458,5535585;471,8417914;527,6998379;489,1318193;507,1004656;464,8063925;451,9271579;436,488352;405,6053137;382,1901735;573,6537676;753,3807868;842,8130532
Libya;LIB;6514,321504;7040,780942;7284,934382;6447,144638;5892,617612;5161,683342;5536,868265;5998,16161;5243,590481;6819,033114;7142,774452;6266,490972;3703,048308;4673,143913;5800,597969;8163,010778
Liechtenstein;LIE;49375,32528;50898,59125;55195,67926;55816,66368;64028,07558;78641,88456;79878,5649;72208,93467;76745,42233;81297,14349;74853,93873;74267,48649;79359,80467;89851,97716;100265,9551;105414,442
Lithuania;LIT;;;;;;2168,796099;2328,153808;2830,737533;3166,895648;3113,546428;3297,354701;3530,147337;4146,987928;5505,535669;6706,966998;7863,162009
Luxembourg;LUX;34645,14324;37007,43875;40965,74432;41479,0872;45481,8922;52831,25237;52571,93499;47042,34711;47584,46439;51654,4028;48735,99549;48179,42085;52930,64115;65445,88503;75716,35108;80289,69641
Mauritania;MAA;501,1933984;691,4510119;683,4507902;568,5361881;583,428647;611,7212806;607,9471633;576,0881705;550,8800248;548,7473096;491,8427617;479,4034763;476,7386237;547,0752157;623,7804239;722,3238956
North Macedonia;MAC;2354,263462;2477,685524;1225,373149;1352,025726;1794,709897;2359,800338;2338,068311;1964,882893;1866,85009;1908,592601;1854,145956;1815,920091;1961,203736;2408,80011;2762,560358;3037,75311
Maldives;MAD;963,8417858;1064,057578;1205,651953;1328,606757;1431,623341;1569,963504;1737,700111;1926,24223;2011,869392;2154,228846;2234,579866;3039,334623;3049,197616;3475,983305;3941,431136;3639,966576
Madagascar;MAG;265,6761189;222,1537443;245,8643162;265,9345074;227,8369055;234,4940582;287,3565596;247,1294102;252,4652058;243,2527515;245,9390659;278,5557032;262,2859481;316,7998965;245,1235876;274,8197023
Malaysia;MAL;2441,741991;2653,526742;3113,646333;3433,163316;3728,111974;4329,707364;4798,61314;4637,865016;3263,33385;3492,669354;4043,662051;3913,428726;4165,726104;4461,847687;4952,212975;5587,02565
Martinique;MAR;;;;;;;;;;;;;;;;
Mauritius;MAS;2506,179312;2669,3277;2973,206977;2973,797821;3197,331024;3599,555202;3899,435192;3646,630626;3593,234081;3695,934909;3929,075495;3856,625227;4018,948897;4793,718179;5388,065784;5282,906022
Malawi;MAW;199,9863423;229,527539;185,7858866;213,2406131;121,2641276;141,9543906;227,5847702;259,4504941;165,8953935;163,6142468;156,3857186;150,1489558;298,4333849;267,3990565;282,5670846;289,5551689
Monaco;MCO;84289,55954;83738,35455;91647,98265;85399,05868;89380,57478;101910,1086;101237,2577;90798,66435;92995,90636;91257,67202;82367,99128;82273,63617;88576,50619;108259,4931;122691,6374;124193,6056
Mexico;MEX;3112,268706;3661,947879;4170,623287;5650,026286;5854,417857;3928,223926;4412,116345;5289,167988;5481,181497;6157,192475;7157,8145;7544,568648;7593,137793;7075,369643;7484,486542;8277,671251
Moldova;MLD;;;;;;476,988491;462,1697494;528,1804344;465,0539664;321,0262233;354,0037982;407,7348445;458,6778168;548,2913146;720,9459511;831,2081782
Mali;MLI;317,3893069;315,4563173;319,8380297;310,1382515;223,018023;282,341255;282,6330008;267,1891588;281,8726309;323,1686388;269,8711377;307,4369205;334,8365206;392,524759;440,1684418;488,8281374
Malta;MLT;7191,923603;7558,277383;8220,245518;7296,310144;8000,518005;9114,358065;9397,800918;9679,882857;10183,67599;10648,9889;11039,05651;11021,78636;11843,93902;13689,98999;15109,05497;15835,34667
Mongolia;MON;1172,443066;1072,636319;587,3032317;339,5220871;405,9748378;631,92009;580,9108441;505,5944739;477,3347341;444,9951451;474,2168965;524,0553079;571,5926395;646,1932563;797,9786853;998,8313648
Morocco;MOR;1206,011838;1266,849441;1299,421679;1199,319377;1326,941304;1432,310151;1561,129441;1396,769917;1472,38562;1447,968739;1334,943051;1339,293577;1416,488158;1725,458038;1952,90183;2018,025743
Montenegro;MOT;;;;;;;;;;;1627,072633;1909,598702;2106,635068;2789,159065;3380,165121;3674,617924
Montserrat;MST;;;;;;;;;;;;;;;;
Mozambique;MZM;;277,9342798;191,5821534;190,552061;186,8485304;187,357741;260,857255;303,5116338;333,8426027;341,4809152;313,5680341;291,467739;299,6830541;323,5225887;381,1565927;415,348291
Namibia;NAM;1944,137621;2027,008113;2257,632393;2069,624996;2284,580811;2421,87049;2371,884669;2416,11979;2209,772147;2165,113225;2136,440243;1906,292604;1769,17591;2560,774036;3396,911932;3674,002201
Nauru;NAU;;;;;;;;;;;;;;;;
Nepal;NEP;191,8789042;202,08061;170,5866683;178,6259703;193,279505;203,980809;204,6857552;217,787953;210,6114878;214,106767;229,4902871;246,725629;244,7208237;252,4024323;286,1575938;315,80563
New Zealand;NEW;13663,02162;12230,07345;11793,13924;13094,34545;15280,31278;17400,42018;18794,43604;17474,18703;14738,44557;15322,22383;13641,10272;13882,85683;16874,18749;21913,70817;25420,23488;27751,06547
Norfolk Island;NFI;;;;;;;;;;;;;;;;
Nicaragua;NIC;241,87647;348,8647688;410,7675726;393,6034575;847,3744318;890,0054491;908,6325065;909,3359271;943,9218956;972,8869884;1007,501429;1034,551588;1000,935948;1005,732473;1080,268112;1162,290113
Nigeria;NIG;567,5286729;502,9141389;477,1776142;270,2239615;321,3206772;408,18106;461,5195779;479,9837556;469,4305648;497,8415405;567,930736;590,381815;741,7475112;795,3862467;1007,874328;1268,383443
Niger;NIR;309,0568829;280,8614603;273,7306609;181,3238943;170,5010938;198,1819057;202,2847478;181,3286659;196,9271083;184,6485676;158,7049748;165,5405619;178,0545148;215,9566573;232,5855765;249,9279298
Niue;NIU;;;;;;;;;;;;;;;;
Northern Mariana Islands;NMI;;;;;;;;;;;;;21978,77439;21381,60733;21136,84799;18764,812
Norway;NOR;28242,94374;28596,933;30523,98506;27963,66522;29315,84191;34875,70433;37321,9742;36629,0309;34788,35985;36371,05095;38131,46061;38542,7151;43084,47247;50134,89077;57603,83602;66810,47852
Netherlands;NTH;21290,86038;21732,2308;23904,03739;23122,41079;24646,3143;29258,13435;29006,80945;26700,53713;27885,80838;28263,09671;26149,41108;26873,27593;29204,03983;35672,2066;40362,39478;41979,05585
New Caledonia;NWC;14800,02869;15133,16224;16261,29693;16640,80235;16037,02524;18721,05644;18257,21505;16341,58735;15387,86958;14611,8328;12579,59511;;;;;
Oman;OMA;6448,127685;5988,844697;6278,642993;6029,189622;6013,191867;6261,736061;6830,633316;7039,61185;6254,983965;6967,102921;8601,25417;8475,964136;8626,984097;9066,347498;10126,1161;12377,06807
Pakistan;PAK;371,6785662;410,2953191;426,9572127;439,6597688;431,1531276;489,881814;497,2161432;476,3812312;461,2167361;454,2761254;519,5343268;495,3454616;483,4969271;543,7518258;625,3978597;683,0902351
West Bank and Gaza (Palestine);PAL;;;;;1201,581542;1326,562857;1317,466751;1389,164971;1465,046057;1499,492177;1476,17185;1335,553195;1156,217473;1257,69857;1337,565724;1455,187875
Panama;PAN;2603,846622;2803,941591;3122,081256;3339,919455;3489,152406;3494,516014;3529,852222;3741,279464;3974,667035;4082,615957;4060,324493;4046,419981;4126,241558;4267,303325;4592,152614;4916,914994
Paraguay;PAR;1376,164673;1611,400976;1610,213334;1591,37311;1686,846001;1897,096362;2002,685918;1993,802781;1812,994022;1694,110236;1663,605252;1565,053712;1300,851426;1365,416418;1679,497171;1843,633791
Palau;PAU;;;;;;;;;;;7647,929861;8085,066543;8302,011509;7762,224242;8299,496653;9325,554825
Peru;PER;1196,586858;1524,770874;1566,011552;1488,033249;1881,737119;2194,01797;2232,075906;2306,438801;2163,120031;1924,486567;1955,588006;1941,475632;2021,23974;2145,643183;2417,035501;2729,498682
Philippines;PHI;715,9137121;715,7468201;814,7685392;816,4123244;939,9186379;1062,133065;1160,309681;1127,526549;966,989169;1087,378156;1038,90854;957,1899393;999,9059505;1010,309637;1078,628944;1193,977291
Papua New Guinea;PNG;697,539573;801,4722863;905,2489808;1005,152359;1086,291813;893,773636;970,0923023;906,3595891;678,8972756;608,2820627;602,1869023;515,6846078;491,8343081;568,2464399;618,0368977;749,1863962
Poland;POL;1731,209509;2235,541089;2459,020685;2497,195241;2874,825311;3682,791215;4140,983541;4116,926243;4510,413117;4389,976415;4492,727604;4981,198619;5196,932921;5693,377763;6681,178818;8021,003655
Portugal;POR;7884,617945;8958,985389;10810,56657;9534,656364;9977,319873;11781,36185;12185,0914;11575,50711;12199,20639;12471,07936;11497,75346;11724,6115;12875,32079;15762,97579;18031,00042;18773,12536
Korea, Dem. People’s Rep.;PRK;;;;;;;;;;;;;;;;
Puerto Rico;PTR;8652,507492;9064,018517;9659,3389;10212,27676;10876,41882;11579,185;12173,16369;12817,64496;14304,40499;15220,99134;16192,12697;18123,1987;18731,45939;19557,12025;20988,99233;21959,3227
Qatar;QAT;15454,08233;14124,29283;15434,45934;14270,97377;14544,09164;15849,72008;17337,42187;21104,7243;18593,54892;21723,69996;29976,11704;28517,26721;30214,85901;34517,75509;42124,82901;51455,59419
Korea, Rep.;ROK;6516,305759;7523,477002;8001,540992;8740,945603;10205,80747;12332,97935;13137,90807;12131,8747;8085,323528;10409,32689;11947,57913;11252,90755;12782,52553;14209,38852;15907,66583;18639,52221
Romania;RUM;1680,705623;1260,749045;1102,103785;1158,132516;1323,104325;1650,276481;1633,010644;1577,323357;1852,467309;1599,889533;1659,90764;1825,179805;2119,882673;2679,41191;3494,944517;4617,929016
Russian Federation;RUS;3485,112306;3485,056;3095,659779;2929,462119;2663,394599;2665,780963;2643,930749;2737,573023;1834,862986;1330,760707;1771,59783;2100,358253;2377,536957;2975,132778;4102,372294;5323,473877
Rwanda;RWA;349,8733576;269,8501567;302,7384118;314,7513543;126,9547229;221,6287362;229,8869585;288,4091673;285,7101918;242,3140657;218,6801627;203,4568715;199,0673298;215,7489815;240,6492936;291,9966862
South Africa;SAF;3139,966054;3285,95465;3479,066283;3388,729303;3445,230068;3751,854328;3494,383567;3549,579815;3154,020777;3081,569927;3032,427138;2666,47491;2502,277005;3751,282813;4833,627517;5383,656543
El Salvador;SAL;914,1309275;983,1800319;1073,311045;1216,701063;1380,70763;1585,109459;1684,785985;1778,837576;1886,35964;1930,623493;2001,538009;2072,299842;2124,102889;2209,496508;2278,431843;2428,569512
Sao Tome and Principe;SAO;;;;;;;;;;;;524,6874217;577,6385699;678,6940562;745,3136577;866,5074511
Saudi Arabia;SAU;7246,016367;7883,245738;7932,090938;7485,541334;7421,291231;7690,577522;8335,803866;8551,674296;7419,160019;8007,95978;9171,330145;8684,647401;8695,400072;9609,966975;11185,13337;13791,44629
Senegal;SEN;961,5739465;916,9307631;951,4285278;873,8830905;580,1177072;710,7245102;719,5433474;647,829366;681,2600726;680,5723504;604,654066;615,2684717;656,6227077;823,7211451;940,5516918;993,9320411
Serbia;SER;;;;;;2196,618467;2749,966439;3178,831484;2416,069077;2441,430389;870,1365252;1634,875061;2149,909404;2832,490652;3331,228766;3720,479155
Seychelles;SEY;5302,843727;5314,663128;6128,445569;6559,129994;6555,504407;6748,931109;6583,201018;7280,989621;7715,918147;7747,612159;7578,851053;7663,13708;8331,261997;8524,961236;10176,65871;11092,51074
Sierra Leone;SIE;150,3890323;179,361334;156,4032118;177,597591;211,5924777;202,3158548;218,3665864;196,1151103;153,458527;150,0062901;138,6986922;229,3755148;252,3962103;266,4471103;266,5695675;292,3493252
Singapore;SIN;11861,75616;14502,37999;16135,91365;18290,02824;21553,0309;24914,41126;26233,6289;26375,97195;21829,29987;21796,08444;23852,32703;21700,02005;22159,68886;23730,15245;27608,53737;29961,26328
Slovak Republic;SLO;2405,535136;2691,195606;2920,917567;3102,296793;3771,359427;4819,125555;5196,94038;5146,671078;5538,616465;5643,675109;5413,150621;5717,21709;6533,553213;8712,698793;10671,82186;11685,75482
Slovenia;SLV;9107,477079;6633,73828;6562,018396;6656,933376;7564,741184;10730,45091;10815,11122;10454,96556;11175,7711;11452,78279;10201,30354;10479,75943;11777,15551;14849,03695;17233,13856;18098,90873
San Marino;SMO;;;;;;;;;;44783,21294;40124,4599;41731,13757;44490,82803;56034,29267;64869,6626;66795,51231
Solomon Islands;SOL;970,0160546;998,6753869;1147,829656;1210,36346;1330,609562;1445,481661;1529,441335;1494,52894;1206,0032;1200,774161;1054,388246;944,6140341;784,6498272;744,3525546;818,0588673;880,8129914
Somalia;SOM;126,9249205;;;;;;;;;;;;;;;
Spain;SPN;13804,8768;14811,90281;16112,18893;13339,90857;13415,28701;15471,96272;16109,0844;14730,79718;15394,35146;15715,33227;14713,06571;15355,70317;17025,53198;21463,44266;24861,2828;26419,29686
Sri Lanka;SRI;463,6186318;513,2585353;547,0547194;576,7800126;647,5790491;714,2334273;756,6570729;817,064349;850,8114206;838,8838674;869,6965166;832,8034402;867,4912137;982,1956459;1065,784437;1248,698185
Saint Helena;STH;;;;;;;;;;;;;;;;
St. Kitts and Nevis;STK;5396,530162;5461,737995;5949,711463;6411,928204;7092,237948;7450,762237;7862,180368;8742,248261;8867,382662;9322,626714;9836,195568;10660,41173;11011,37958;10631,40699;11424,9729;12329,66101
St. Lucia;STL;3756,218844;3920,276253;4253,040872;4271,271781;4400,395074;4646,081569;4741,341211;4778,039395;5128,397288;5321,028994;5323,375357;5047,027828;5050,875503;5502,487593;5897,546642;6216,823627
St. Vincent and the Grenadines;STV;2236,288774;2364,437626;2574,841233;2650,188506;2678,671406;2925,056523;3070,031338;3223,226285;3465,829184;3625,89458;3676,439642;3985,683402;4272,860898;4447,743813;4810,298503;5070,512702
South Sudan;SUD;;;;;;;;;;;;;;;;
Sudan;SUD;483,952592;432,4790979;260,5102439;320,4855165;449,7106937;473,4133899;300,5649303;378,9546756;355,1524309;328,0685926;366,1728076;383,0159987;418,2518413;484,8447351;573,3069261;689,209557
Suriname;SUR;958,6146981;1084,974758;961,8333314;1001,716482;1391,600964;1565,212023;1921,879712;2039,854809;2415,77884;1904,424719;2012,260287;1750,558371;2267,721066;2611,356086;3006,189322;3590,626616
Sweden;SWE;30343,18287;31562,2506;32532,42047;24225,2998;25883,01582;30066,22516;32774,08184;30113,25397;30382,65472;30740,21117;29456,06864;27093,08111;29729,71934;37090,94137;42544,41047;43163,99996
Switzerland;SWZ;38428,3855;38399,21061;39534,542;38100,73673;41843,75688;48662,48651;46676,81356;40417,94079;41497,15784;40581,34936;37868,296;38538,9791;41376,37281;48087,54377;53340,19698;54952,67549
Syrian Arab Republic;SYR;988,9486722;1012,9869;1004,997314;1009,649047;725,5680738;794,445153;934,6230285;955,8439487;974,4387618;991,2508329;1177,629268;1258,447322;1263,255122;1253,395146;1407,178424;1571,738407
Tajikistan;TAJ;497,6320261;469,3379255;346,9784139;294,4038807;268,0002958;213,6353402;178,361221;155,1884916;219,0404999;177,5597157;138,4288795;171,0479834;190,0025003;237,7574442;311,6273248;340,5830327
Tanzania;TAZ;173,7906392;195,6615379;175,5581268;157,0608183;161,1769355;182,3618837;219,5501888;253,4759513;395,5326846;400,2636844;410,9523276;406,5386686;411,9723458;431,2796931;459,2592825;492,6313793
Thailand;THI;1508,942737;1716,415599;1927,882737;2209,371832;2491,42809;2846,583364;3043,981173;2468,179209;1845,831225;2033,255822;2007,736363;1893,26831;2096,187999;2359,116494;2660,122791;2894,061896
Tokelau;TKL;;;;;;;;;;;;;;;;
Turkmenistan;TKM;865,789417;846,6461572;820,6842727;792,6684621;622,3706261;589,905474;554,8327509;562,6370536;590,393217;548,6991476;643,174726;774,4828307;967,8901647;1283,911263;1453,916238;1704,417531
Togo;TOG;431,4501598;414,7820816;429,0420348;306,1505635;238,4653956;309,8184402;336,9772364;334,1433955;342,658274;329,6959964;302,2063943;292,5673576;326,8556001;396,0300441;412,589392;406,4009505
Tonga;TON;1194,541034;1387,996781;1436,76863;1449,290836;2024,002163;2110,392326;2280,842709;2195,790938;1944,585264;2017,671721;2065,502661;1840,291495;1845,418595;2033,790901;2288,593015;2598,2472
Trinidad and Tobago;TRI;4150,301855;4318,519996;4398,502236;3754,76716;3959,285053;4249,094373;4579,970821;4554,320308;4790,138924;5387,138813;6435,164683;6939,801184;7053,070804;8807,900379;10293,80541;12327,23317
Tunisia;TUN;1491,122129;1551,376893;1799,110329;1660,875379;1743,154533;1975,900295;2113,586292;2208,205303;2292,712947;2386,589244;2211,826817;2253,04471;2344,413533;2760,414314;3111,382703;3193,206569
Turkey;TUR;2794,35039;2735,707864;2842,369876;3180,187801;2270,337523;2897,866491;3053,947025;3144,385859;4496,496821;4108,123199;4316,548908;3119,56579;3659,939869;4718,199807;6040,607698;7384,251628
Tuvalu;TUV;990,06482;1037,576547;1069,243796;1047,505216;1176,699693;1185,840519;1323,055479;1362,31958;1367,084534;1464,49188;1462,8547;1391,453495;1610,149462;1874,468285;2182,078388;2183,909889
United Arab Emirates;UAE;27729,46642;26612,33554;26420,87275;25596,69227;25847,92612;27222,03586;28975,0229;29512,66374;26899,60177;28470,83786;33291,41937;31280,78428;31567,47371;33499,09375;36333,24984;39365,4339
Uganda;UGA;248,0293672;185,0181481;153,943974;167,9412317;201,6026565;281,9662023;287,3882361;289,5044142;295,405358;261,347861;261,8689977;239,4731859;245,5000794;243,9015264;296,0469361;325,5903736
Ukraine;UKR;1569,739433;1489,689635;1417,868805;1258,136333;1012,105192;935,9680914;872,7091855;991,2301007;835,2602988;635,7662418;635,7089635;779,9771307;878,6182021;1047,502769;1366,017225;1826,932206
Uruguay;URU;2990,364248;3578,284729;4082,531892;4720,991306;5458,86395;5985,105857;6317,565767;7329,853491;7713,618771;7250,259428;6875,021328;6284,4559;4090,899267;3624,198052;4120,556611;5226,937806
United States;USA;23888,60001;24342,2589;25418,99078;26387,29373;27694,85342;28690,8757;29967,71272;31459,139;32853,67698;34513,5615;36334,90878;37133,24281;38023,16111;39496,48588;41712,80107;44114,74778
Uzbekistan;UZB;651,4192061;652,8074753;603,3520153;596,9835856;576,4471105;585,9323642;600,5981578;623,0026524;623,2161328;702,4807441;558,2268024;456,7062895;383,343068;396,377979;465,1198869;546,7768502
Vanuatu;VAN;1080,67245;1253,151528;1264,049655;1177,386158;1335,902498;1390,966323;1427,759013;1462,890229;1473,710174;1478,494057;1470,572265;1363,113016;1354,186169;1580,542444;1788,087167;1887,226576
Venezuela, RB;VEN;2475,380473;2661,033454;2938,161769;2857,938524;2720,367569;3529,589611;3151,269278;3758,844934;3921,718979;4127,107938;4842,037202;4986,675586;3700,879593;3272,615024;4325,696756;5504,976824
British Virgin Islands;VGB;;;;;;;;;;;;;;;;
Samoa;WSM;772,5058491;765,8506279;799,4624531;796,5754773;1310,645942;1322,319565;1460,047151;1659,085896;1559,147665;1490,900625;1542,066736;1557,01718;1633,035432;1909,122171;2353,548219;2590,417791
Yemen, Rep.;YEM;482,247874;482,0606889;498,9634588;393,7392321;291,4721525;285,5695548;374,0114314;428,06081;384,4998469;451,5711388;554,4486334;550,3602417;579,8529205;620,3827587;709,9653061;832,8444886
Congo, Dem. Rep.;ZAI;270,1305434;268,0564628;220,3718557;275,8219735;144,5950827;135,7371468;134,9819243;138,9740464;138,5863064;102,5979776;405,216253;153,5910092;175,0099651;173,7961353;194,0399624;218,3861908
Zambia;ZAM;408,7695347;409,7275736;376,4987744;378,1254719;412,2609845;418,5150707;385,1524409;448,3702068;358,5558862;335,7123907;345,6895544;382,9411785;382,2421724;435,4580833;538,5915064;702,7409406
Zimbabwe;ZIM;841,9729898;809,0521248;619,372594;591,7201625;611,865711;623,2099674;741,0957267;731,9483797;544,9841629;580,0707181;563,0577411;568,3859092;530,5305794;478,007405;482,9984113;476,5553236
